training/IMG_4181/sampleIMG_4181_1.jpg,1840 The
training/IMG_4181/sampleIMG_4181_2.jpg,arlow
training/IMG_4181/sampleIMG_4181_3.jpg,Poor
training/IMG_4181/sampleIMG_4181_4.jpg,lectoral Divisions
training/IMG_4181/sampleIMG_4181_5.jpg,the Fourteenth
training/IMG_4181/sampleIMG_4181_6.jpg,consist as follows
training/IMG_4181/sampleIMG_4181_7.jpg,the poor
training/IMG_4181/sampleIMG_4181_8.jpg,as
training/IMG_4181/sampleIMG_4181_9.jpg,set forth in the
training/IMG_4181/sampleIMG_4181_10.jpg,Order of
training/IMG_4181/sampleIMG_4181_11.jpg,declared
training/IMG_4181/sampleIMG_4181_13.jpg,Law
training/IMG_4181/sampleIMG_4181_14.jpg,om
training/IMG_4181/sampleIMG_4181_15.jpg,missionery
training/IMG_4181/sampleIMG_4181_16.jpg,and"}
training/IMG_4181/sampleIMG_4181_18.jpg,is
training/IMG_4181/sampleIMG_4181_20.jpg,and
training/IMG_4181/sampleIMG_4181_21.jpg,document
training/IMG_4181/sampleIMG_4181_22.jpg,indeed
training/IMG_4181/sampleIMG_4181_23.jpg,Baronies of
training/IMG_4181/sampleIMG_4181_24.jpg,may
training/IMG_4181/sampleIMG_4181_25.jpg,fairly
training/IMG_4181/sampleIMG_4181_26.jpg,be
training/IMG_4181/sampleIMG_4181_27.jpg,pronounced
training/IMG_4181/sampleIMG_4181_28.jpg,and
training/IMG_4181/sampleIMG_4181_29.jpg,the
training/IMG_4181/sampleIMG_4181_30.jpg,the most defective
training/IMG_4181/sampleIMG_4181_31.jpg,as
training/IMG_4181/sampleIMG_4181_32.jpg,one
training/IMG_4181/sampleIMG_4181_33.jpg,of
training/IMG_4181/sampleIMG_4181_34.jpg,Idrone
training/IMG_4181/sampleIMG_4181_35.jpg,West in
training/IMG_4181/sampleIMG_4181_36.jpg,of
training/IMG_4181/sampleIMG_4181_37.jpg,and irregular documents
training/IMG_4181/sampleIMG_4181_38.jpg,the
training/IMG_4181/sampleIMG_4181_39.jpg,oun
training/IMG_4181/sampleIMG_4181_40.jpg,ty
training/IMG_4181/sampleIMG_4181_41.jpg,also
training/IMG_4181/sampleIMG_4181_42.jpg,such services
training/IMG_4181/sampleIMG_4181_43.jpg,rights
training/IMG_4181/sampleIMG_4181_44.jpg,ever
training/IMG_4181/sampleIMG_4181_48.jpg,with the
training/IMG_4181/sampleIMG_4181_49.jpg,and
training/IMG_4181/sampleIMG_4181_50.jpg,Interests were
training/IMG_4181/sampleIMG_4181_51.jpg,also
training/IMG_4181/sampleIMG_4181_54.jpg,whole of the Barony
training/IMG_4181/sampleIMG_4181_55.jpg,exception
training/IMG_4181/sampleIMG_4181_58.jpg,Department of
training/IMG_4181/sampleIMG_4181_59.jpg,Government. It is
training/IMG_4181/sampleIMG_4181_60.jpg,Parish of Barragh
training/IMG_4181/sampleIMG_4181_61.jpg,and
training/IMG_4181/sampleIMG_4181_62.jpg,in justification of a
training/IMG_4181/sampleIMG_4181_64.jpg,f a
training/IMG_4181/sampleIMG_4181_65.jpg,Part of the
training/IMG_4181/sampleIMG_4181_66.jpg,Fenna
training/IMG_4181/sampleIMG_4181_67.jpg,llege
training/IMG_4181/sampleIMG_4181_68.jpg,that the Parties who
training/IMG_4181/sampleIMG_4181_69.jpg,The Parishes
training/IMG_4181/sampleIMG_4181_70.jpg,Tullowphelim
training/IMG_4181/sampleIMG_4181_71.jpg,and
training/IMG_4181/sampleIMG_4181_72.jpg,the Document had
training/IMG_4181/sampleIMG_4181_73.jpg,no
training/IMG_4181/sampleIMG_4181_74.jpg,local know
training/IMG_4181/sampleIMG_4181_75.jpg,Ardristan
training/IMG_4181/sampleIMG_4181_76.jpg,in
training/IMG_4181/sampleIMG_4181_77.jpg,the Barony
training/IMG_4181/sampleIMG_4181_78.jpg,of Rathvilly
training/IMG_4181/sampleIMG_4181_79.jpg,and
training/IMG_4181/sampleIMG_4181_80.jpg,Country
training/IMG_4181/sampleIMG_4181_81.jpg,They
training/IMG_4181/sampleIMG_4181_82.jpg,had the maps of the
training/IMG_4181/sampleIMG_4181_83.jpg,of the
training/IMG_4181/sampleIMG_4181_84.jpg,Townslands
training/IMG_4181/sampleIMG_4181_85.jpg,in
training/IMG_4181/sampleIMG_4181_86.jpg,the
training/IMG_4181/sampleIMG_4181_87.jpg,County of Kildare All
training/IMG_4181/sampleIMG_4181_88.jpg,Survey before them which they
training/IMG_4181/sampleIMG_4181_89.jpg,Ordinance
training/IMG_4181/sampleIMG_4181_90.jpg,had
training/IMG_4181/sampleIMG_4181_91.jpg,on
training/IMG_4181/sampleIMG_4181_92.jpg,ly care
training/IMG_4181/sampleIMG_4181_93.jpg,ther constitute the
training/IMG_4181/sampleIMG_4181_94.jpg,Carlow Poor Law Union
training/IMG_4181/sampleIMG_4181_95.jpg,lly to follow
training/IMG_4181/sampleIMG_4181_96.jpg,and
training/IMG_4181/sampleIMG_4181_97.jpg,the
training/IMG_4181/sampleIMG_4181_98.jpg,toge
training/IMG_4181/sampleIMG_4181_99.jpg,slightest mistake
training/IMG_4181/sampleIMG_4181_100.jpg,cou
training/IMG_4181/sampleIMG_4181_101.jpg,tain according to the Ordinan
training/IMG_4181/sampleIMG_4181_102.jpg,ce
training/IMG_4181/sampleIMG_4181_103.jpg,Survey
training/IMG_4181/sampleIMG_4181_104.jpg,could
training/IMG_4181/sampleIMG_4181_105.jpg,have
training/IMG_4181/sampleIMG_4181_106.jpg,Statute
training/IMG_4181/sampleIMG_4181_107.jpg,occurred
training/IMG_4181/sampleIMG_4181_108.jpg,but instead of doing
training/IMG_4181/sampleIMG_4181_109.jpg,188.304
training/IMG_4181/sampleIMG_4181_110.jpg,1-14-
training/IMG_4181/sampleIMG_4181_111.jpg,and
training/IMG_4181/sampleIMG_4181_112.jpg,the Valuator"}
training/IMG_4181/sampleIMG_4181_117.jpg,which
training/IMG_4181/sampleIMG_4181_118.jpg,obsolete names
training/IMG_4181/sampleIMG_4181_119.jpg,introduced
training/IMG_4181/sampleIMG_4181_120.jpg,acres
training/IMG_4181/sampleIMG_4181_121.jpg,are
training/IMG_4181/sampleIMG_4181_122.jpg,so
training/IMG_4181/sampleIMG_4181_123.jpg,hich
training/IMG_4181/sampleIMG_4181_125.jpg,Board
training/IMG_4181/sampleIMG_4181_126.jpg,for
training/IMG_4181/sampleIMG_4181_127.jpg,valuing 188.304
training/IMG_4181/sampleIMG_4181_129.jpg,found
training/IMG_4181/sampleIMG_4181_130.jpg,a
training/IMG_4181/sampleIMG_4181_131.jpg,all
training/IMG_4181/sampleIMG_4181_132.jpg,the
training/IMG_4181/sampleIMG_4181_133.jpg,in
training/IMG_4181/sampleIMG_4181_134.jpg,Ordinance
training/IMG_4181/sampleIMG_4181_135.jpg,but 10 Perches
training/IMG_4181/sampleIMG_4181_136.jpg,but
training/IMG_4181/sampleIMG_4181_137.jpg,now
training/IMG_4181/sampleIMG_4181_139.jpg,Map
training/IMG_4181/sampleIMG_4181_140.jpg,or 
training/IMG_4181/sampleIMG_4181_141.jpg,Survey
training/IMG_4181/sampleIMG_4181_142.jpg,for
training/IMG_4181/sampleIMG_4181_143.jpg,instance
training/IMG_4181/sampleIMG_4181_144.jpg,after enume-
training/IMG_4181/sampleIMG_4181_145.jpg,that contents without including the
training/IMG_4181/sampleIMG_4181_147.jpg,Several Parishes
training/IMG_4181/sampleIMG_4181_148.jpg,the Baronies
training/IMG_4181/sampleIMG_4181_149.jpg,in
training/IMG_4181/sampleIMG_4181_150.jpg,of Forth
training/IMG_4181/sampleIMG_4181_151.jpg,of
training/IMG_4181/sampleIMG_4181_152.jpg,Knockmore the
training/IMG_4181/sampleIMG_4181_153.jpg,Commi
training/IMG_4181/sampleIMG_4181_154.jpg,ttee are
training/IMG_4181/sampleIMG_4181_155.jpg,wholy
training/IMG_4181/sampleIMG_4181_156.jpg,at a
training/IMG_4181/sampleIMG_4181_159.jpg,ntained
training/IMG_4181/sampleIMG_4181_160.jpg,in the
training/IMG_4181/sampleIMG_4181_161.jpg,Union
training/IMG_4181/sampleIMG_4181_163.jpg,proceeds
training/IMG_4181/sampleIMG_4181_166.jpg,to conceive
training/IMG_4181/sampleIMG_4181_167.jpg,ar
training/IMG_4181/sampleIMG_4181_168.jpg,Poor Law
training/IMG_4181/sampleIMG_4181_170.jpg,Kellistown
training/IMG_4181/sampleIMG_4181_171.jpg,and
training/IMG_4181/sampleIMG_4181_172.jpg,Subdivided into
training/IMG_4181/sampleIMG_4181_173.jpg,Electoral Divisions and (but exclusiv
training/IMG_4181/sampleIMG_4181_176.jpg,including Pubbledrum
training/IMG_4181/sampleIMG_4181_177.jpg,it is
training/IMG_4181/sampleIMG_4181_178.jpg,plain
training/IMG_4181/sampleIMG_4181_179.jpg,that no
training/IMG_4181/sampleIMG_4181_180.jpg,matther
training/IMG_4181/sampleIMG_4181_181.jpg,how
training/IMG_4181/sampleIMG_4181_182.jpg,that Subdivision North
training/IMG_4181/sampleIMG_4181_183.jpg,the Towns lands
training/IMG_4181/sampleIMG_4181_184.jpg,o
training/IMG_4181/sampleIMG_4181_185.jpg,of Kilbrannish
training/IMG_4181/sampleIMG_4181_187.jpg,tioned
training/IMG_4181/sampleIMG_4181_188.jpg,and
training/IMG_4181/sampleIMG_4181_189.jpg,South Barnahask. old
training/IMG_4181/sampleIMG_4181_190.jpg,and
training/IMG_4181/sampleIMG_4181_191.jpg,New Deer
training/IMG_4181/sampleIMG_4181_192.jpg,is
training/IMG_4181/sampleIMG_4181_193.jpg,the Sum of ale the
training/IMG_4181/sampleIMG_4181_194.jpg,Electoral Divisions Park. Clonmullen
training/IMG_4181/sampleIMG_4181_195.jpg,should
training/IMG_4181/sampleIMG_4181_196.jpg,make
training/IMG_4181/sampleIMG_4181_197.jpg,the
training/IMG_4181/sampleIMG_4181_198.jpg,arlow
training/IMG_4181/sampleIMG_4181_199.jpg,Union
training/IMG_4181/sampleIMG_4181_200.jpg,as
training/IMG_4181/sampleIMG_4181_201.jpg,above
training/IMG_4181/sampleIMG_4181_202.jpg,de and
training/IMG_4181/sampleIMG_4181_204.jpg,clared
training/IMG_4181/sampleIMG_4181_205.jpg,and further that as
training/IMG_4181/sampleIMG_4181_208.jpg,Barony of Forth
training/IMG_4181/sampleIMG_4181_209.jpg,Now any
training/IMG_4181/sampleIMG_4181_210.jpg,of Idrone
training/IMG_4181/sampleIMG_4181_211.jpg,individual
training/IMG_4181/sampleIMG_4181_212.jpg,reading the
training/IMG_4181/sampleIMG_4181_213.jpg,above would at once
training/IMG_4181/sampleIMG_4181_214.jpg,East is
training/IMG_4181/sampleIMG_4181_215.jpg,declared
training/IMG_4181/sampleIMG_4181_216.jpg,be
training/IMG_4181/sampleIMG_4181_217.jpg,in
training/IMG_4181/sampleIMG_4181_218.jpg,the
training/IMG_4181/sampleIMG_4181_219.jpg,arlow
training/IMG_4181/sampleIMG_4181_220.jpg,suppose
training/IMG_4181/sampleIMG_4181_221.jpg,the "Pubbledrum"
training/IMG_4181/sampleIMG_4181_222.jpg,Union no
training/IMG_4181/sampleIMG_4181_223.jpg,part of
training/IMG_4181/sampleIMG_4181_224.jpg,it
training/IMG_4181/sampleIMG_4181_225.jpg,was
training/IMG_4181/sampleIMG_4181_226.jpg,a
training/IMG_4181/sampleIMG_4181_227.jpg,part of the
training/IMG_4181/sampleIMG_4181_228.jpg,from
training/IMG_4181/sampleIMG_4181_229.jpg,can
training/IMG_4181/sampleIMG_4181_230.jpg,be
training/IMG_4181/sampleIMG_4181_231.jpg,legally exempted Parish of Barragh
training/IMG_4181/sampleIMG_4181_232.jpg,included
training/IMG_4181/sampleIMG_4181_234.jpg,it But such
training/IMG_4181/sampleIMG_4181_235.jpg,the Rates
training/IMG_4181/sampleIMG_4181_236.jpg,The
training/IMG_4181/sampleIMG_4181_237.jpg,om
training/IMG_4181/sampleIMG_4181_238.jpg,mitted
training/IMG_4181/sampleIMG_4181_239.jpg,however
training/IMG_4181/sampleIMG_4181_240.jpg,is
training/IMG_4181/sampleIMG_4181_241.jpg,not the fact. Here
training/IMG_4181/sampleIMG_4181_242.jpg,not attach
training/IMG_4181/sampleIMG_4181_243.jpg,is
training/IMG_4181/sampleIMG_4181_244.jpg,no
training/IMG_4181/sampleIMG_4181_245.jpg,such
training/IMG_4181/sampleIMG_4181_246.jpg,place as "Pubble
training/IMG_4181/sampleIMG_4181_247.jpg,any
training/IMG_4181/sampleIMG_4181_248.jpg,blame
training/IMG_4181/sampleIMG_4181_249.jpg,the Valuator
training/IMG_4181/sampleIMG_4181_251.jpg,this drum
training/IMG_4181/sampleIMG_4181_252.jpg,"to
training/IMG_4181/sampleIMG_4181_254.jpg,found
training/IMG_4181/sampleIMG_4181_255.jpg,on
training/IMG_4181/sampleIMG_4181_256.jpg,the Ordinance
training/IMG_4181/sampleIMG_4181_257.jpg,mission
training/IMG_4181/sampleIMG_4181_258.jpg,He
training/IMG_4181/sampleIMG_4181_259.jpg,furiusted
training/IMG_4181/sampleIMG_4181_260.jpg,Maps
training/IMG_4181/sampleIMG_4181_261.jpg,Parishes
training/IMG_4181/sampleIMG_4181_262.jpg,of with a
training/IMG_4181/sampleIMG_4181_263.jpg,list of the Valuator
training/IMG_4181/sampleIMG_4181_264.jpg,however
training/IMG_4181/sampleIMG_4181_265.jpg,states that he
training/IMG_4181/sampleIMG_4181_266.jpg,has asertained
training/IMG_4181/sampleIMG_4181_267.jpg,and
training/IMG_4181/sampleIMG_4181_268.jpg,laney
training/IMG_4181/sampleIMG_4181_269.jpg,con
training/IMG_4181/sampleIMG_4181_270.jpg,stitu
training/IMG_4181/sampleIMG_4181_271.jpg,eac
training/IMG_4181/sampleIMG_4181_272.jpg,that "Pubbledrum"
training/IMG_4181/sampleIMG_4181_273.jpg,is
training/IMG_4181/sampleIMG_4181_274.jpg,no
training/IMG_4181/sampleIMG_4181_275.jpg,part
training/IMG_4181/sampleIMG_4181_276.jpg,of the Parish
training/IMG_4181/sampleIMG_4181_277.jpg,Electoral Divisions
training/IMG_4181/sampleIMG_4181_279.jpg,that List
training/IMG_4181/sampleIMG_4181_280.jpg,and
training/IMG_4181/sampleIMG_4181_281.jpg,states
training/IMG_4181/sampleIMG_4181_282.jpg,he was guided
training/IMG_4181/sampleIMG_4181_283.jpg,Barragh but a seperate Parish
training/IMG_4181/sampleIMG_4181_284.jpg,and
training/IMG_4181/sampleIMG_4181_285.jpg,entered
training/IMG_4181/sampleIMG_4181_286.jpg,of
training/IMG_4181/sampleIMG_4181_287.jpg,greatest
training/IMG_4181/sampleIMG_4181_288.jpg,as
training/IMG_4181/sampleIMG_4181_289.jpg,far
training/IMG_4181/sampleIMG_4181_290.jpg,as
training/IMG_4181/sampleIMG_4181_291.jpg,possible
training/IMG_4181/sampleIMG_4181_292.jpg,But the
training/IMG_4181/sampleIMG_4181_293.jpg,on
training/IMG_4181/sampleIMG_4181_295.jpg,the
training/IMG_4181/sampleIMG_4181_297.jpg,possible irrep
training/IMG_4181/sampleIMG_4181_298.jpg,and
training/IMG_4181/sampleIMG_4181_300.jpg,in
training/IMG_4181/sampleIMG_4181_302.jpg,of
training/IMG_4181/sampleIMG_4181_304.jpg,ardoyne
training/IMG_4181/sampleIMG_4181_306.jpg,ularities
training/IMG_4181/sampleIMG_4181_307.jpg,and
training/IMG_4181/sampleIMG_4181_308.jpg,omissions
training/IMG_4181/sampleIMG_4181_309.jpg,ommu
training/IMG_4181/sampleIMG_4181_311.jpg,further
training/IMG_4181/sampleIMG_4181_312.jpg,observe
training/IMG_4181/sampleIMG_4181_313.jpg,that there
training/IMG_4181/sampleIMG_4181_316.jpg,found
training/IMG_4181/sampleIMG_4181_317.jpg,in
training/IMG_4181/sampleIMG_4181_318.jpg,contains of each such
training/IMG_4181/sampleIMG_4181_319.jpg,owns Land
training/IMG_4181/sampleIMG_4181_320.jpg,as
training/IMG_4181/sampleIMG_4181_321.jpg,Paddock
training/IMG_4181/sampleIMG_4181_322.jpg,in
training/IMG_4181/sampleIMG_4181_323.jpg,Parish
training/IMG_4181/sampleIMG_4181_326.jpg,of
training/IMG_4181/sampleIMG_4181_328.jpg,ast
training/IMG_4181/sampleIMG_4181_331.jpg,Entire
training/IMG_4181/sampleIMG_4181_332.jpg,Barony
training/IMG_4181/sampleIMG_4181_334.jpg,the
training/IMG_4181/sampleIMG_4181_336.jpg,of Forth"}
training/IMG_4181/sampleIMG_4181_338.jpg,drew
training/IMG_4181/sampleIMG_4181_340.jpg,edge
training/IMG_4181/sampleIMG_4181_341.jpg,of Four
training/IMG_4181/sampleIMG_4181_342.jpg,these
training/IMG_4181/sampleIMG_4181_343.jpg,and
training/IMG_4181/sampleIMG_4181_345.jpg,not
training/IMG_4181/sampleIMG_4181_346.jpg,not
training/IMG_4181/sampleIMG_4181_347.jpg,of
training/IMG_4181/sampleIMG_4181_348.jpg,ting
training/IMG_4181/sampleIMG_4181_351.jpg,of the
training/IMG_4181/sampleIMG_4181_352.jpg,being
training/IMG_4181/sampleIMG_4181_353.jpg,do
training/IMG_4181/sampleIMG_4181_354.jpg,was
training/IMG_4181/sampleIMG_4181_356.jpg,ting
training/IMG_4181/sampleIMG_4181_359.jpg,him
training/IMG_4181/sampleIMG_4181_361.jpg,Seperat
